Workbook
Name Aporte: APP!$D$18
Name Dividendos: APP!$D$22
Name Patrimonio: APP!$D$21
Name Qtd_anos: APP!$D$19
Name Rendimento_carteira: APP!$D$12
Name Salario: APP!$D$11
Name Taxa_mensal: APP!$D$20

Sheet APP
B9: Configurações
B11: Salário | D11: 6000
B12: Rendimento da carteira | D12: 0.006
B13: Sugestão de inventimento | D13: =D11*30% -> 1800
B16: Inventimento Mensal
B18: Quanto investir por mês? | D18: 1800
B19: Por quantos anos? | D19: 5
B20: Taxa de rendimento mensal? | D20: 0.01079
B21: Patrimônio acumulado? | D21: =FV(Taxa_mensal,Qtd_anos*12,Aporte*-1) -> 150798.45
B22: Dividendos mensais? | D22: =D21*1% -> 1507.9845
B25: Cenários | D25: Dividendos
A26: 2 | B26: Quanto em 2 anos? | C26: =FV(Taxa_mensal,A26*12,Aporte*-1) -> 49009.729 | D26: =C26*Rendimento_carteira -> 294.05837
A27: 5 | B27: Quanto em 5 anos? | C27: =FV(Taxa_mensal,A27*12,Aporte*-1) -> 150798.45 | D27: =C27*Rendimento_carteira -> 904.79067
A28: 10 | B28: Quanto em 10 anos? | C28: =FV(Taxa_mensal,A28*12,Aporte*-1) -> 437911.58 | D28: =C28*Rendimento_carteira -> 2627.4695
A29: 20 | B29: Quanto em 20 anos? | C29: =FV(Taxa_mensal,A29*12,Aporte*-1) -> 2025357.1 | D29: =C29*Rendimento_carteira -> 12152.143
A30: 30 | B30: Quanto em 30 anos? | C30: =FV(Taxa_mensal,A30*12,Aporte*-1) -> 7779905.4 | D30: =C30*Rendimento_carteira -> 46679.432
B33: Perfil do investidor | C33: Agressivo
B34: Valor a ser investido por mês | C34: =Aporte -> 1800
B37: Tipo de FII | C37: Percentual sugerido | D37: Valor
B38: Papel | C38: =VLOOKUP($C$33&"-"&B38,Dados!B:E,4,FALSE) -> 0.5 | D38: =C38*Aporte -> 900
B39: Tijolo | C39: =VLOOKUP($C$33&"-"&B39,Dados!B:E,4,FALSE) -> 0.1 | D39: =C39*Aporte -> 180
B40: Hibrido | C40: =VLOOKUP($C$33&"-"&B40,Dados!B:E,4,FALSE) -> 0.05 | D40: =C40*Aporte -> 90
B41: FOFs | C41: =VLOOKUP($C$33&"-"&B41,Dados!B:E,4,FALSE) -> 0.05 | D41: =C41*Aporte -> 90
B42: Desenvolvimento | C42: =VLOOKUP($C$33&"-"&B42,Dados!B:E,4,FALSE) -> 0.2 | D42: =C42*Aporte -> 360
B43: Hotelaria | C43: =VLOOKUP($C$33&"-"&B43,Dados!B:E,4,FALSE) -> 0.1 | D43: =C43*Aporte -> 180
D44: =SUM(D38:D43) -> 1800

Sheet Dados
B2: Chave | C2: Perfil | D2: Tipo de FII | E2: %
B3: =C3&"-"&D3 -> Conservador-Papel | C3: Conservador | D3: Papel | E3: 0.3
B4: =C4&"-"&D4 -> Conservador-Tijolo | C4: Conservador | D4: Tijolo | E4: 0.5
B5: =C5&"-"&D5 -> Conservador-Hibrido | C5: Conservador | D5: Hibrido | E5: 0.1
B6: =C6&"-"&D6 -> Conservador-FOFs | C6: Conservador | D6: FOFs | E6: 0.1
B7: =C7&"-"&D7 -> Conservador-Desenvolvimento | C7: Conservador | D7: Desenvolvimento | E7: 0
B8: =C8&"-"&D8 -> Conservador-Hotelaria | C8: Conservador | D8: Hotelaria | E8: 0
B9: =C9&"-"&D9 -> Moderado-Papel | C9: Moderado | D9: Papel | E9: 0.32
B10: =C10&"-"&D10 -> Moderado-Tijolo | C10: Moderado | D10: Tijolo | E10: 0.35
B11: =C11&"-"&D11 -> Moderado-Hibrido | C11: Moderado | D11: Hibrido | E11: 0.08
B12: =C12&"-"&D12 -> Moderado-FOFs | C12: Moderado | D12: FOFs | E12: 0.05
B13: =C13&"-"&D13 -> Moderado-Desenvolvimento | C13: Moderado | D13: Desenvolvimento | E13: 0.1
B14: =C14&"-"&D14 -> Moderado-Hotelaria | C14: Moderado | D14: Hotelaria | E14: 0.1
... B20: =C20&"-"&D20 -> Agressivo-Hotelaria | C20: Agressivo | D20: Hotelaria | E20: 0.1
